{
    "display_id": "4",
    "title": "Matrix (Cont.)",
    "description": {
        "format": "html",
        "value": "<p style=\"margin-left: 0px;\">Now, let&#039;s add some more stuffs to the class Matrix.</p><p>There are five parts in this problem, after all of these you will understand Class much better.</p><p>1. Set element</p><p>Set the value of a matrix at a particular index. Override operator<code>( )</code>to access the (i, j)-th element of a matrix.</p><p><img alt=\"732c6b658a.png\" src=\"/public/upload/b435b0fff3.png\" width=\"150\" height=\"169.6078431372549\" /><br /></p><p><img alt=\"a19fca3d4b.png\" src=\"/public/upload/6fd8842708.png\" width=\"150\" height=\"140\" /><br /></p><hr /><p>2. Matrix Multiplication</p><p>Multiply two matrices by overloading operator<code>*</code>. To be precise, if\u00a0a\u00a0and\u00a0b\u00a0are two matrices of the same size,\u00a0c\u00a0=\u00a0a\u00a0\u2217\u00a0b\u00a0is defined as</p><p><img alt=\"50bd6758d6.png\" src=\"/public/upload/262def0742.png\" width=\"150\" height=\"73.84615384615384\" /><br /></p><p>Notice that matrix multiplication is not commutative in general.<br /></p><p><img alt=\"af5f3d4361.png\" src=\"/public/upload/9f112b1249.png\" width=\"150\" height=\"332.2085889570552\" /><br /></p><hr /><p>3.\u00a0Compound assignment overloading</p><p>Following the previous problems matrix addition and matrix multiplication, overload compound assignment operators<code>+=</code>and<code>*=</code><span style=\"color: rgb(235, 87, 87);\"><span style=\"color: rgb(51, 51, 51);\">.</span></span></p><p><span style=\"color: rgb(235, 87, 87);\"><span style=\"color: rgb(51, 51, 51);\"><img alt=\"af5f3d43612.png\" src=\"/public/upload/57d23c83d2.png\" width=\"168\" height=\"484\" /><br /></span></span></p><p><span style=\"color: rgb(235, 87, 87);\"><span style=\"color: rgb(51, 51, 51);\"><br /></span></span></p><hr /><p>4. Deep copy</p><p>Construct a new matrix from a deep-copy of some given matrix.<br /></p><p><img alt=\"\u87a2\u5e55\u64f7\u53d6\u756b\u9762 2023-12-10 232414.png\" src=\"/public/upload/113d2f927a.png\" width=\"406\" height=\"579\" /><br /></p><hr /><p>5. Matrix transpose</p><p>Write a function to support transpose of matrices. This function has signature:</p><p><code>Matrix transpose(const Matrix& m);</code></p><p><img alt=\"\u87a2\u5e55\u64f7\u53d6\u756b\u9762 2023-12-10 232427.png\" src=\"/public/upload/cc722f19fa.png\" width=\"208\" height=\"350\" /><br /></p><hr /><p>Template for you !</p><pre><code>//PREPEND BEGIN\n#include &lt;iostream&gt;\n#include &lt;iomanip&gt;\n\nusing namespace std;\n//PREPEND END\n\n//TEMPLATE BEGIN\nclass Matrix{\n\n};\n//TEMPLATE END\n\n//APPEND BEGIN\nconst int Matrix::dim = 3;\n\nint main()\n{\n\u00a0 \u00a0 Matrix a(0); // Zero matrix\n\u00a0 \u00a0 Matrix b(1); // Identity matrix\n\u00a0 \u00a0 Matrix c; // Null constructor\n\u00a0 \u00a0\u00a0\n\u00a0 \u00a0 cout &lt;&lt; a &lt;&lt; endl;\n\u00a0 \u00a0 cout &lt;&lt; b &lt;&lt; endl;\n\u00a0 \u00a0 cout &lt;&lt; c &lt;&lt; endl;\n\u00a0 \u00a0\u00a0\n\u00a0 \u00a0 Matrix d(1);\n\u00a0 \u00a0 cout &lt;&lt; d * 2.0 &lt;&lt; endl;\n\u00a0 \u00a0\u00a0\n\u00a0 \u00a0 Matrix e(1);\n\u00a0 \u00a0 cout &lt;&lt; 3.0 * e &lt;&lt; endl;\n\n\u00a0 \u00a0 Matrix f(1);\n\u00a0 \u00a0 Matrix g(1);\n\n\u00a0 \u00a0 cout &lt;&lt; f + g &lt;&lt; endl;\n\u00a0 \u00a0 cout &lt;&lt; f &lt;&lt; endl;\n\u00a0 \u00a0\u00a0\n\u00a0 \u00a0\u00a0Matrix h(1);\n\u00a0 \u00a0 h(1, 0) = 2;\n\n\u00a0 \u00a0 cout &lt;&lt; h &lt;&lt; endl;\n\n\u00a0 \u00a0 Matrix i(1);\n\u00a0 \u00a0 i(0, 1) = 2;\n\u00a0 \u00a0 i(0, 2) = 3;\n\n\u00a0 \u00a0 cout &lt;&lt; i * i &lt;&lt; endl;\n\u00a0 \u00a0 cout &lt;&lt; i &lt;&lt; endl;\n\n\u00a0 \u00a0 Matrix j(1);\n\u00a0 \u00a0 j(0, 1) = 2;\n\u00a0 \u00a0 j(0, 2) = 3;\n\n\u00a0 \u00a0 j += j;\n\u00a0 \u00a0 cout &lt;&lt; j &lt;&lt; endl;\n\n\u00a0 \u00a0 j *= j;\n\u00a0 \u00a0 cout &lt;&lt; j &lt;&lt; endl;\n\n\u00a0 \u00a0 Matrix x(1);\n\u00a0 \u00a0 Matrix y(x * 2.0);  // Copy constructor\n\u00a0 \u00a0 Matrix z = (x + x); // Copy constructor\n\u00a0 \u00a0 Matrix w;\n\n\u00a0 \u00a0 y += y; // Matrix a will not be modified, thanks to deep copy\n\u00a0 \u00a0 w = z;\u00a0 // Copier\n\u00a0 \u00a0 z += z; // Matrix d will not be modified, thanks to deep copy\n\n\u00a0 \u00a0 cout &lt;&lt; x &lt;&lt; endl;\n\u00a0 \u00a0 cout &lt;&lt; y &lt;&lt; endl;\n\u00a0 \u00a0 cout &lt;&lt; z &lt;&lt; endl;\n\u00a0 \u00a0 cout &lt;&lt; w &lt;&lt; endl;\n\n\u00a0 \u00a0 Matrix v(1);\n\u00a0 \u00a0 v(0, 1) = 2;\n\u00a0 \u00a0 v(0, 2) = 3;\n\n\u00a0 \u00a0 cout &lt;&lt; v &lt;&lt; endl;\n\u00a0 \u00a0 cout &lt;&lt; transpose(v) &lt;&lt; endl;\n\u00a0\u00a0\n\u00a0 \u00a0 return 0;\n}\n//APPEND END<br /></code></pre>"
    },
    "tags": [
        "CPL"
    ],
    "input_description": {
        "format": "html",
        "value": "<p>-</p>"
    },
    "output_description": {
        "format": "html",
        "value": "<p><span style=\"color: rgb(51, 51, 51);\">There will be one more space after the last element of each row.</span><br /></p>"
    },
    "test_case_score": [
        {
            "score": 100,
            "input_name": "1.in",
            "output_name": "1.out"
        }
    ],
    "hint": {
        "format": "html",
        "value": ""
    },
    "time_limit": 1000,
    "memory_limit": 256,
    "samples": [
        {
            "input": "-",
            "output": "0.00 0.00 0.00 \n0.00 0.00 0.00 \n0.00 0.00 0.00 \n\n1.00 0.00 0.00 \n0.00 1.00 0.00 \n0.00 0.00 1.00 \n\n0.00 0.00 0.00 \n0.00 0.00 0.00 \n0.00 0.00 0.00 \n\n2.00 0.00 0.00 \n0.00 2.00 0.00 \n0.00 0.00 2.00 \n\n3.00 0.00 0.00 \n0.00 3.00 0.00 \n0.00 0.00 3.00 \n\n2.00 0.00 0.00 \n0.00 2.00 0.00 \n0.00 0.00 2.00 \n\n1.00 0.00 0.00 \n0.00 1.00 0.00 \n0.00 0.00 1.00 \n\n1.00 0.00 0.00 \n2.00 1.00 0.00 \n0.00 0.00 1.00 \n\n1.00 4.00 6.00 \n0.00 1.00 0.00 \n0.00 0.00 1.00 \n\n1.00 2.00 3.00 \n0.00 1.00 0.00 \n0.00 0.00 1.00 \n\n2.00 4.00 6.00 \n0.00 2.00 0.00 \n0.00 0.00 2.00 \n\n4.00 16.00 24.00 \n0.00 4.00 0.00 \n0.00 0.00 4.00 \n\n1.00 0.00 0.00 \n0.00 1.00 0.00 \n0.00 0.00 1.00 \n\n4.00 0.00 0.00 \n0.00 4.00 0.00 \n0.00 0.00 4.00 \n\n4.00 0.00 0.00 \n0.00 4.00 0.00 \n0.00 0.00 4.00 \n\n2.00 0.00 0.00 \n0.00 2.00 0.00 \n0.00 0.00 2.00 \n\n1.00 2.00 3.00 \n0.00 1.00 0.00 \n0.00 0.00 1.00 \n\n1.00 0.00 0.00 \n2.00 1.00 0.00 \n3.00 0.00 1.00 \n"
        }
    ],
    "template": {
        "C++": {
            "prepend": "#include <iostream>\n#include <iomanip>\n\nusing namespace std;\n",
            "template": "class Matrix{\n\n};\n",
            "append": "const int Matrix::dim = 3;\n\nint main()\n{\n    Matrix a(0); // Zero matrix\n    Matrix b(1); // Identity matrix\n    Matrix c; // Null constructor\n    \n    cout << a << endl;\n    cout << b << endl;\n    cout << c << endl;\n    \n    Matrix d(1);\n    cout << d * 2.0 << endl;\n    \n    Matrix e(1);\n    cout << 3.0 * e << endl;\n\n    Matrix f(1);\n    Matrix g(1);\n\n    cout << f + g << endl;\n    cout << f << endl;\n    \n  \tMatrix h(1);\n    h(1, 0) = 2;\n\n    cout << h << endl;\n\n    Matrix i(1);\n    i(0, 1) = 2;\n    i(0, 2) = 3;\n    cout << i * i << endl;\n    cout << i << endl;\n\n    Matrix j(1);\n    j(0, 1) = 2;\n    j(0, 2) = 3;\n\n    j += j;\n    cout << j << endl;\n\n    j *= j;\n    cout << j << endl;\n\n    Matrix x(1);\n    Matrix y(x * 2.0); // Copy constructor\n    Matrix z = (x + x); // Copy constructor\n    Matrix w;\n\n    y += y; // Matrix a will not be modified, thanks to deep copy\n    w = z;  // Copier\n    z += z; // Matrix d will not be modified, thanks to deep copy\n\n    cout << x << endl;\n    cout << y << endl;\n    cout << z << endl;\n    cout << w << endl;\n\n    Matrix v(1);\n    v(0, 1) = 2;\n    v(0, 2) = 3;\n\n    cout << v << endl;\n    cout << transpose(v) << endl;\n  \n    return 0;\n}\n"
        }
    },
    "spj": null,
    "rule_type": "OI",
    "source": "Online Judge http://127.0.0.1",
    "answers": []
}