{
    "display_id": "1",
    "title": "RLC circuit",
    "description": {
        "format": "html",
        "value": "<p style=\"margin-left: 0px;\">Write a program to solve equivalent resistance in RLC circuit as follows:</p><p>1. Define a base class named &quot;Complex&quot;. It stores the impedance(\u963b\u6297) in rectangular form.</p><pre><code>class Complex{\nprotected:\n\u00a0 \u00a0 double re;\n\u00a0 \u00a0 double im;\npublic:\n\u00a0 \u00a0 Complex():re(0), im(0){}\n\u00a0 \u00a0 Complex(double a,double b):re(a), im(b){}\n\u00a0 \u00a0 Complex& series(const Complex&);\n\u00a0 \u00a0 Complex& parallel(const Complex&);\n\u00a0 \u00a0 double magnitude();\n\u00a0 \u00a0 double phase();\n};</code></pre><p>re: real part of the impedance</p><p>im: image part of the impedance</p><p>Default constructor: Set re = 0, im = 0.</p><p>Constructor with 2 parameters: Pass the real and image part value.</p><p>series: calculate series impedance and return a new object.\u00a0Output the result 2 digits to the right of the decimal point</p><p>parallel: calculate parallel impedance and return a new object.Output the result 2 digits to the right of the decimal point</p><p>How to calculate series resistance:<br /></p><p>$Z_{series} = Z_{1}(j \\omega) + Z_{2}(j \\omega)$</p><p>How to calculate parallel resistance:</p><p>$Z_{parallel} = Z_{1}(j \\omega) || Z_{2}(j \\omega)$</p><p>$\\frac{1}{Z_{parallel}} = \\frac{1}{Z_{1}(j \\omega)} + \\frac{1}{Z_{2}(j \\omega)}$</p><p>$\\therefore Z_{parallel} = \\frac{Z_{1}(j \\omega) \\cdot Z_{2}(j \\omega)}{Z_{1}(j \\omega) + Z_{2}(j \\omega)}$</p><p>magnitude: calculate magnitude of impedance in polar form.</p><p>phase: calculate phase of impedance in polar form.</p><p>magnitude of impedance in polar form:</p><p>$|Z| = \\sqrt{\\text{Re}(Z)^2 + \\text{Im}(Z)^2}$</p><p>phase of impedance in polar form:</p><p>$\\theta = \\arctan\\left(\\frac{\\text{Im}(Z)}{\\text{Re}(Z)}\\right)$</p><p>2.<span style=\"color: rgb(51, 51, 51);\">Define a class named &quot;Out&quot;.</span></p><pre><code>class Out{\npublic:\n\u00a0 \u00a0 virtual void Output() = 0;\n};<br /></code></pre><p>Output: a virtual function that output different type of elements and impedance.</p><p>2. Define a derived class named &quot;Resistor&quot; derived from &quot;Complex&quot; and &quot;Out&quot;.<br /></p><pre><code>class Resistor: ???{ //multiple inheritance\npublic:\n\u00a0\u00a0\u00a0\u00a0Resistor(){ re = 0; im = 0; }\n\u00a0 \u00a0 Resistor(double r){ re = r; im = 0; }\n\u00a0 \u00a0 void Output();\n};</code></pre><p>Default constructor: Set re = 0, im = 0.</p><p>Constructor with 1 parameter: Pass the real part value. Im = 0.</p><p>Output:<code>cout &lt;&lt; &quot;This is a resistor and the impedance is &quot; &lt;&lt; re &lt;&lt; endl;</code></p><p>3.Define a derived class named &quot;Capacitor&quot; derived from &quot;Complex&quot; and &quot;Out&quot;.<br /></p><pre><code>class Capacitor: ???{ //multiple inheritance\nprivate:\n\u00a0 \u00a0 double C;\n\u00a0 \u00a0 double w;\npublic:\n\u00a0\u00a0\u00a0\u00a0Capacitor():C(0), w(0){}\n\u00a0 \u00a0 Capacitor(double Cin, double win):C(Cin), w(win){ Compute(); }\n\u00a0 \u00a0 void Compute();\n\u00a0 \u00a0 void Output();\n};\n</code></pre><p>Default constructor: Set C = 0, w = 0.</p><p>Constructor with 2 parameters: Pass the C and w value.</p><p>Compute function: using C and w to compute equivalent impedance.</p><p>Here is the formula to calculate equivalent impedance of capacitor:</p><p>$Z_{C\u200b}=\\frac{1}{j\u03c9C}\u200b$</p><p><span style=\"color: rgb(51, 51, 51);\">Output:</span><code style=\"\">cout &lt;&lt; &quot;This is a capacitor and the impedance is &quot; &lt;&lt; im &lt;&lt; &quot;i&quot; &lt;&lt; endl;</code><br /></p><p>4.Define a derived class named &quot;Inductor&quot; derived from &quot;Complex&quot;<span style=\"color: rgb(51, 51, 51);\">and &quot;Out&quot;.</span></p><pre><code>class Inductor: ???{ //multiple inheritance\nprivate:\n\u00a0 \u00a0 double L;\n\u00a0 \u00a0 double w;\npublic:\n\u00a0\u00a0\u00a0\u00a0Inductor():L(0), w(0){}\n\u00a0 \u00a0 Inductor(double Lin,double win):L(Lin), w(win){ Compute(); }\n\u00a0 \u00a0 void Compute();\n\u00a0 \u00a0 void Output();\n};</code></pre><p>Default constructor: Set L = 0, w = 0.</p><p>Constructor with 2 parameters: Pass the L and w value.</p><p>Compute function: using L and w to compute equivalent impedance.</p><p>Here is the formula to calculate equivalent impedance of Inductor:</p><p>$Z_{L} = j \\omega L$</p><p><span style=\"color: rgb(51, 51, 51);\">Output:</span><code>cout &lt;&lt; &quot;This is an inductor and the impedance is &quot; &lt;&lt; im &lt;&lt; &quot;i&quot; &lt;&lt; endl;</code><br /></p><p><br /></p><hr /><p>Template code:</p><pre><code>//PREPEND BEGIN\n#include &lt;iostream&gt;\n#include &lt;cmath&gt;\n#include &lt;iomanip&gt;\n\nusing namespace std;\n\nclass Complex{\nprotected:\n    double re;\n    double im;\npublic:\n    Complex():re(0), im(0){}\n    Complex(double a,double b):re(a), im(b){}\n    Complex& series(const Complex&);\n    Complex& parallel(const Complex&);\n    double magnitude();\n    double phase();\n};\n\nclass Out{\npublic:\n    virtual void Output() = 0;\n};\n\n//PREPEND END\n\n//TEMPLATE BEGIN\n\nclass Resistor: ???{ //multiple inheritance\npublic:\n    Resistor(){ re = 0; im = 0; }\n    Resistor(double r){ re = r; im = 0; }\n    void Output();\n};\n\nclass Capacitor: ???{ //multiple inheritance\nprivate:\n    double C;\n    double w;\npublic:\n    Capacitor():C(0), w(0){}\n    Capacitor(double Cin, double win):C(Cin), w(win){ Compute(); }\n    void Compute();\n    void Output();\n};\n\nclass Inductor: ???{ //multiple inheritance\nprivate:\n    double L;\n    double w;\npublic:\n    Inductor():L(0), w(0){}\n    Inductor(double Lin,double win):L(Lin), w(win){ Compute(); }\n    void Compute();\n    void Output();\n};\n\n//TEMPLATE END\n\n//APPEND BEGIN\n\nint main(){\n\u00a0 \u00a0 Complex Zeq, Zeq2, Zeq3;\n\u00a0 \u00a0 Resistor r1(3000), r2(4), r3(500);\n\u00a0 \u00a0 Capacitor zC(0.00003,10000);\n\u00a0 \u00a0 Inductor zL(0.1,10000);\n\u00a0 \u00a0 Out *o[3] = {&r2, &zC, &zL};\n\u00a0 \u00a0 for (int i=0;i&lt;3;i++)\u00a0\n\u00a0 \u00a0 \u00a0 \u00a0 o[i]-&gt;Output();\n\n\u00a0 \u00a0 Zeq = r1.series(zL);\n\u00a0 \u00a0 Zeq2 = r2.parallel(zC);\n\u00a0 \u00a0 Zeq3 = r3.series(zL).series(zC);\n\n\u00a0 \u00a0 cout &lt;&lt; fixed &lt;&lt; setprecision(2) &lt;&lt; Zeq.magnitude() &lt;&lt; endl;\n\u00a0 \u00a0 cout &lt;&lt; fixed &lt;&lt; setprecision(2) &lt;&lt; Zeq.phase() &lt;&lt; endl;\n\u00a0 \u00a0 cout &lt;&lt; fixed &lt;&lt; setprecision(2) &lt;&lt; Zeq2.magnitude() &lt;&lt; endl;\n\u00a0 \u00a0 cout &lt;&lt; fixed &lt;&lt; setprecision(2) &lt;&lt; Zeq2.phase() &lt;&lt; endl;\n\u00a0 \u00a0 cout &lt;&lt; fixed &lt;&lt; setprecision(2) &lt;&lt; Zeq3.magnitude() &lt;&lt; endl;\n\u00a0 \u00a0 cout &lt;&lt; fixed &lt;&lt; setprecision(2) &lt;&lt; Zeq3.phase() &lt;&lt; endl;\n\n\u00a0 \u00a0 return 0;\n}\n//APPEND END\n\n//APPEND END<br /></code></pre>"
    },
    "tags": [
        "CPL"
    ],
    "input_description": {
        "format": "html",
        "value": "<p>-</p>"
    },
    "output_description": {
        "format": "html",
        "value": "<p>-</p>"
    },
    "test_case_score": [
        {
            "score": 100,
            "input_name": "1.in",
            "output_name": "1.out"
        }
    ],
    "hint": {
        "format": "html",
        "value": "<p style=\"margin-left: 0px;\">\u9ad8\u4e2d\u6709\u6559\u904e\u8907\u6578</p><p>\u4e0d\u904e\u9ad8\u4e2d\u662f\u7528$i$\u4ee3\u8868${\\sqrt {-1}}$\uff0c</p><p>\u56e0\u70ba\u96fb\u6a5f\u7cfb$i$\u8981\u62ff\u4f86\u4ee3\u8868\u96fb\u6d41\uff0c</p><p>\u6240\u4ee5\u8b8a\u6210\u7528$j$\u4ee3\u8868${\\sqrt {-1}}$\u200b\u3002</p><hr /><p>\u96fb\u5bb9\u548c\u96fb\u611f\u5728\u983b\u57df\u4e0b\u9762\u7684\u7279\u6027\uff0c</p><p>\u5176\u963b\u6297\u5c31\u6703\u662f\u8907\u6578\uff0c</p><p>\u4e26\u4e14\u8ddf\u983b\u7387\u548c\u96fb\u5bb9\u5927\u5c0f\u6216\u96fb\u611f\u5927\u5c0f\u6709\u95dc\uff0c</p><p>\u5176\u4e2d$\\omega$\u662f\u89d2\u901f\u5ea6\uff0c$\\omega = 2 \\cdot \\pi \\cdot frequency(Hz)$ \uff0c</p><p>\u9019\u4e9b\u6771\u6771\u5728\u96fb\u6a5f\u7cfb\u7684\u96fb\u5b50\u5b78\u3001\u96fb\u8def\u5b78\u6216\u4fe1\u865f\u8207\u7cfb\u7d71\u90fd\u6703\u6559\uff0c</p><p>\u5927\u5bb6\u4ee5\u5f8c\u53ef\u4ee5\u6162\u6162\u9ad4\u6703\u88ab\u5b83\u5011\u6298\u78e8\u7684\u6a02\u8da3(\uff1f</p>"
    },
    "time_limit": 1000,
    "memory_limit": 256,
    "samples": [
        {
            "input": "-",
            "output": "This is a resistor and the impedance is 4\nThis is a capacitor and the impedance is -3.33333i\nThis is an inductor and the impedance is 1000i\n3162.28\n0.32\n2.56\n-0.88\n1115.05\n1.11"
        }
    ],
    "template": {
        "C++": {
            "prepend": "#include <iostream>\n#include <cmath>\n#include <iomanip>\n\nusing namespace std;\n\nclass Complex{\nprotected:\n    double re;\n    double im;\npublic:\n    Complex():re(0), im(0){}\n    Complex(double a,double b):re(a), im(b){}\n    Complex& series(const Complex&);\n    Complex& parallel(const Complex&);\n    double magnitude();\n    double phase();\n};\n\nclass Out{\npublic:\n    virtual void Output() = 0;\n};\n\n",
            "template": "\nclass Resistor: ???{ //multiple inheritance\npublic:\n    Resistor(){ re = 0; im = 0; }\n    Resistor(double r){ re = r; im = 0; }\n    void Output();\n};\n\nclass Capacitor: ???{ //multiple inheritance\nprivate:\n    double C;\n    double w;\npublic:\n    Capacitor():C(0), w(0){}\n    Capacitor(double Cin, double win):C(Cin), w(win){ Compute(); }\n    void Compute();\n    void Output();\n};\n\nclass Inductor: ???{ //multiple inheritance\nprivate:\n    double L;\n    double w;\npublic:\n    Inductor():L(0), w(0){}\n    Inductor(double Lin,double win):L(Lin), w(win){ Compute(); }\n    void Compute();\n    void Output();\n};\n\n",
            "append": "\nint main(){\n    Complex Zeq, Zeq2, Zeq3;\n    Resistor r1(3000), r2(4), r3(500);\n    Capacitor zC(0.00003,10000);\n    Inductor zL(0.1,10000);\n    Out *o[3] = {&r2, &zC, &zL};\n    for (int i=0;i<3;i++) \n        o[i]->Output();\n\n    Zeq = r1.series(zL);\n    Zeq2 = r2.parallel(zC);\n    Zeq3 = r3.series(zL).series(zC);\n\n    cout << fixed << setprecision(2) << Zeq.magnitude() << endl;\n    cout << fixed << setprecision(2) << Zeq.phase() << endl;\n    cout << fixed << setprecision(2) << Zeq2.magnitude() << endl;\n    cout << fixed << setprecision(2) << Zeq2.phase() << endl;\n    cout << fixed << setprecision(2) << Zeq3.magnitude() << endl;\n    cout << fixed << setprecision(2) << Zeq3.phase() << endl;\n\n    return 0;\n}\n"
        }
    },
    "spj": null,
    "rule_type": "OI",
    "source": "Online Judge http://127.0.0.1",
    "answers": []
}