{
    "display_id": "3",
    "title": "Matrix",
    "description": {
        "format": "html",
        "value": "<p style=\"margin-left: 0px;\">Implement class<code>Matrix</code>that supports manipulations for square matrices. The class<code>Matrix</code>has a private static constant member<code>dim</code>,</p><p>where a matrix object with<code>dim</code>n is of shape n by n(using this notation in the following context). You should define the static member</p><p>variable (rather than just declaring it) before instantiating any matrix object. In this problem,<code>dim</code>is set to 3. In order to fully understand</p><p>what you&#039;ve learned during class, let&#039;s make our hands dirty and try out several stuffs.</p><p>1. Matrix construction</p><p>(1)\u00a0If a constructor takes no argument, then heap-allocate (dynamically allocate) a memory of size\u00a0n\u00a0\u00d7\u00a0n.</p><p>(2)\u00a0If a constructor takes the integer 0, then generate an\u00a0n\u00a0\u00d7\u00a0n\u00a0zero matrix.<br /></p><p>(3)\u00a0If a constructor takes the integer 1, then generate an\u00a0n\u00a0\u00d7\u00a0n\u00a0identity matrix.</p><hr /><p>2. Print matrices</p><p>Overload the<code>&lt;&lt;</code>operator to print out matrices. The\u00a0i-th row of the standard output corresponds to the\u00a0i-th row of the matrix. There will be one more space after the last element of each row.</p><p><img alt=\"7bf675ce11.png\" src=\"/public/upload/4b1e626a2d.png\" width=\"120\" height=\"256.1904761904762\" /><br /></p><hr /><p>3. Matrix scaling<br /></p><p>Support elementwise scaling from both left and right. Scaling factors are of type double. To be precise, if a is an n \u00d7 n matrix,</p><p>and<code>\u03b1</code>is some number of type double, then<code>\u03b1a=a\u03b1</code>such that<img alt=\"abfa24cf64.png\" src=\"/public/upload/675f3bcec5.png\" width=\"222.85714285714286\" height=\"60\" /><br /></p><p>Note that scalar multiplication should be able to apply from both left and right.</p><p><img alt=\"22ff37a840.png\" src=\"/public/upload/d492fc346f.png\" width=\"200\" height=\"394.05940594059405\" /><br /></p><hr /><p>4. Matrix addition<br /></p><p>Add two matrices elementwise by overloading operator<code>+</code>. To be precise, if<code>a</code>and<code>b</code>are two matrices of the same size, c = a + b</p><p>is defined as<img alt=\"19abb9025b.png\" src=\"/public/upload/c2f7324575.png\" width=\"206.57894736842104\" height=\"50\" /></p><p><img alt=\"b00ba1afdf.png\" src=\"/public/upload/b9f4a63079.png\" width=\"200\" height=\"425.668449197861\" /><br /></p><hr /><p>Template for you !</p><pre><code>//PREPEND BEGIN\n#include &lt;iostream&gt;\n#include &lt;iomanip&gt;\n\nusing namespace std;\n//PREPEND END\n\n//TEMPLATE BEGIN\nclass Matrix{\n\n};\n//TEMPLATE END\n\n//APPEND BEGIN\nconst int Matrix::dim = 3;\n\nint main()\n{\n    Matrix a(0); // Zero matrix\n    Matrix b(1); // Identity matrix\n    Matrix c; // Null constructor\n    \n    cout &lt;&lt; a &lt;&lt; endl;\n    cout &lt;&lt; b &lt;&lt; endl;\n    cout &lt;&lt; c &lt;&lt; endl;\n    \n    Matrix d(1);\n    cout &lt;&lt; d * 2.0 &lt;&lt; endl;\n    \n    Matrix e(1);\n    cout &lt;&lt; 2.0 * e &lt;&lt; endl;\n\n    Matrix f(1);\n    Matrix g(1);\n\n    cout &lt;&lt; f + g &lt;&lt; endl;\n    cout &lt;&lt; f &lt;&lt; endl;\n    \n    return 0;\n}\n//APPEND END</code></pre>"
    },
    "tags": [
        "CPL"
    ],
    "input_description": {
        "format": "html",
        "value": "<p><span style=\"color: rgb(51, 51, 51);\">-</span><br /></p>"
    },
    "output_description": {
        "format": "html",
        "value": "<p><span style=\"color: rgb(51, 51, 51);\">There will be one more space after the last element of each row.</span><br /></p>"
    },
    "test_case_score": [
        {
            "score": 100,
            "input_name": "1.in",
            "output_name": "1.out"
        }
    ],
    "hint": {
        "format": "html",
        "value": "<ul><li>Use &#039;double&#039; to handle variables</li><li>Output the result 2 digits to the right of the decimal point</li></ul>"
    },
    "time_limit": 1000,
    "memory_limit": 256,
    "samples": [
        {
            "input": "-",
            "output": "0.00 0.00 0.00 \n0.00 0.00 0.00 \n0.00 0.00 0.00 \n\n1.00 0.00 0.00 \n0.00 1.00 0.00 \n0.00 0.00 1.00 \n\n0.00 0.00 0.00 \n0.00 0.00 0.00 \n0.00 0.00 0.00 \n\n2.00 0.00 0.00 \n0.00 2.00 0.00 \n0.00 0.00 2.00 \n\n2.00 0.00 0.00 \n0.00 2.00 0.00 \n0.00 0.00 2.00 \n\n2.00 0.00 0.00 \n0.00 2.00 0.00 \n0.00 0.00 2.00 \n\n1.00 0.00 0.00 \n0.00 1.00 0.00 \n0.00 0.00 1.00 "
        }
    ],
    "template": {
        "C++": {
            "prepend": "#include <iostream>\n#include <iomanip>\n\nusing namespace std;\n",
            "template": "class Matrix{\n\n};\n",
            "append": "const int Matrix::dim = 3;\n\nint main()\n{\n    Matrix a(0); // Zero matrix\n    Matrix b(1); // Identity matrix\n    Matrix c; // Null constructor\n    \n    cout << a << endl;\n    cout << b << endl;\n    cout << c << endl;\n    \n    Matrix d(1);\n    cout << d * 2.0 << endl;\n    \n    Matrix e(1);\n    cout << 2.0 * e << endl;\n\n    Matrix f(1);\n    Matrix g(1);\n\n    cout << f + g << endl;\n    cout << f << endl;\n    \n    return 0;\n}\n"
        }
    },
    "spj": null,
    "rule_type": "OI",
    "source": "Online Judge http://127.0.0.1",
    "answers": []
}