{
    "display_id": "2",
    "title": "RLC circuit (Cont.)",
    "description": {
        "format": "html",
        "value": "<p style=\"margin-left: 0px;\">Write a program to solve equivalent resistance in RLC circuit as follows:</p><p>1. Define a base class named &quot;Complex&quot;. It stores the impedance(\u963b\u6297) in rectangular form.</p><pre><code>class Complex{\nprotected:\n    double re;\n    double im;\npublic:\n    Complex():re(0), im(0){}\n    Complex(double a,double b):re(a), im(b){}\n    Complex operator+(const Complex&);\n    Complex operator||(const Complex&);\n    friend istream& operator&gt;&gt;(istream &input,Complex &c);\n    friend ostream& operator&lt;&lt;(ostream &output,Complex &c);\n};\n\n</code></pre><p>re: real part of the impedance</p><p>im: image part of the impedance</p><p>Default constructor: Set re = 0, im = 0.</p><p>Constructor with 2 parameters: Pass the real and image part value.</p><p>Operator + overloading: calculate series impedance and return a new object.</p><p>Operator || overloading: calculate parallel impedance and return a new object.</p><p>Operator &gt;&gt; overloading: ask user to input real and image part.</p><p>Operator &lt;&lt; overloading: display the impedance.</p><p>2. Define a derived class named &quot;Resistor&quot; derived from &quot;Complex&quot;.</p><pre><code>class Resistor: public Complex{\npublic:\n  Resistor(){ re=0; im=0; }\n  Resistor(double r){ re=r; im=0; }\n  friend istream& operator&gt;&gt;(istream &,Resistor &);\n};\n\n</code></pre><p>Default constructor: Set re = 0, im = 0.</p><p>Constructor with 1 parameter: Pass the real part value. Im = 0.</p><p>Operator &gt;&gt; overloading: ask user to input resistance without image part.Set im = 0.</p><p>3.Define a derived class named &quot;Capacitor&quot; derived from &quot;Complex&quot;.</p><pre><code>class Capacitor: public Complex{\nprivate:\n  double C;\n  double w;\npublic:\n  Capacitor():C(0), w(0){}\n  Capacitor(double Cin, double win):C(Cin), w(win){ Compute(); }\n  void Compute();\n  friend istream& operator&gt;&gt;(istream &,Capacitor &);\n};\n\n</code></pre><p>Default constructor: Set C = 0, w = 0.</p><p>Constructor with 2 parameters: Pass the C and w value.</p><p>Compute function: using C and w to compute equivalent impedance.</p><p>Here is the formula to calculate equivalent impedance of capacitor:</p><p>$Z_{C\u200b}=\\frac{1}{j\u03c9C}\u200b$</p><p>Operator &gt;&gt; overloading: ask user to input C and w.</p><p>4.Define a derived class named &quot;Inductor&quot; derived from &quot;<span style=\"color: rgb(51, 51, 51);\">Complex</span>&quot;.</p><pre><code>class Inductor: public Complex{\nprivate:\n  double L;\n  double w;\npublic:\n  Inductor():L(0), w(0){}\n  Inductor(double Lin,double win):L(Lin), w(win){ Compute(); }\n  void Compute();\n  friend istream& operator&gt;&gt;(istream &,Inductor &);\n};\n\n</code></pre><p>Default constructor: Set L = 0, w = 0.</p><p>Constructor with 2 parameters: Pass the L and w value.</p><p>Compute function: using L and w to compute equivalent impedance.</p><p>Here is the formula to calculate equivalent impedance of Inductor:</p><p>$Z_{L} = j \\omega L$</p><p>Operator &gt;&gt; overloading: ask user to input L and w.</p><p>How to calculate series resistance:</p><p>$Z_{series} = Z_{1}(j \\omega) + Z_{2}(j \\omega)$</p><p>How to calculate parallel resistance:</p><p>$Z_{parallel} = Z_{1}(j \\omega) || Z_{2}(j \\omega)$</p><p>$\\frac{1}{Z_{parallel}} = \\frac{1}{Z_{1}(j \\omega)} + \\frac{1}{Z_{2}(j \\omega)}$</p><p>$\\therefore Z_{parallel} = \\frac{Z_{1}(j \\omega) \\cdot Z_{2}(j \\omega)}{Z_{1}(j \\omega) + Z_{2}(j \\omega)}$</p><hr /><p>Template code:</p><pre><code>//PREPEND BEGIN\n#include &lt;iostream&gt;\n\nusing namespace std;\n\nclass Complex{\nprotected:\n    double re;\n    double im;\npublic:\n    Complex():re(0), im(0){}\n    Complex(double a,double b):re(a), im(b){}\n    Complex operator+(const Complex&);\n    Complex operator||(const Complex&);\n    friend istream& operator&gt;&gt;(istream &input,Complex &c);\n    friend ostream& operator&lt;&lt;(ostream &output,Complex &c);\n};\n\nclass Resistor: public Complex{\npublic:\n    Resistor(){ re = 0; im = 0; }\n    Resistor(double r){ re = r; im = 0; }\n    friend istream& operator&gt;&gt;(istream &,Resistor &);\n};\nclass Capacitor: public Complex{\nprivate:\n    double C;\n    double w;\npublic:\n    Capacitor():C(0), w(0){}\n    Capacitor(double Cin, double win):C(Cin), w(win){ Compute(); }\n    void Compute();\n    friend istream& operator&gt;&gt;(istream &,Capacitor &);\n};\n\nclass Inductor: public Complex{\nprivate:\n    double L;\n    double w;\npublic:\n    Inductor():L(0), w(0){}\n    Inductor(double Lin,double win):L(Lin), w(win){ Compute(); }\n    void Compute();\n    friend istream& operator&gt;&gt;(istream &,Inductor &);\n};\n\n//PREPEND END\n\n//TEMPLATE BEGIN\n//TODOs\n//TEMPLATE END\n\n//APPEND BEGIN\nint main(){\n    Complex Zeq, Zeq2, Zeq3, Zeq4;\n    Resistor r1(3), r2(4), r3(5), r4, r5;\n    Capacitor zC(0.00003,10000), zC2;\n    Inductor zL(0.1,10000), zL2;\n    Zeq = (r1||r2||r3);\n    Zeq2 = (zC+zL);\n    cout &lt;&lt; Zeq &lt;&lt; Zeq2;\n\n    cin &gt;&gt; r4 &gt;&gt; zC2;\n    Zeq3 = r4 + zC2;\n    cout &lt;&lt; Zeq3;\n\n    cin &gt;&gt; r5 &gt;&gt; zL2;\n    Zeq4 = r5 || zL2;\n    cout &lt;&lt; Zeq4;\n    return 0;\n}\n//APPEND END</code></pre>"
    },
    "tags": [
        "CPL"
    ],
    "input_description": {
        "format": "html",
        "value": "<p style=\"margin-left: 0px;\">\u7b2c\u4e00\u884c\u6709\u4e09\u500b\u6578\u5b57\uff0c\u5206\u5225\u4ee3\u8868 r4 \u7684\u96fb\u963b\u3001C2 \u7684\u96fb\u5bb9\u548c\u89d2\u983b\u7387 $(\\omega)$(\u03c9)\u3002</p><p>\u7b2c\u4e8c\u884c\u6709\u4e09\u500b\u6578\u5b57\uff0c\u5206\u5225\u4ee3\u8868 r5 \u7684\u96fb\u963b\u3001L2 \u7684\u96fb\u611f\u548c\u89d2\u983b\u7387 $(\\omega)$(\u03c9)\u3002</p>"
    },
    "output_description": {
        "format": "html",
        "value": "<p style=\"margin-left: 0px;\">\u524d\u5169\u884c\u70ba\u56fa\u5b9a\u8f38\u51fa\u3002</p><p>\u7b2c\u4e09\u884c\u70ba$Z_{r4} + Z_{zC2}$</p><p>\u7b2c\u56db\u884c\u70ba$Z_{r5} || Z_{zL2}$</p><p>(im = 1 \u6642\u8981\u8f38\u51fa<code>+1i</code>; im = -1 \u6642\u8981\u8f38\u51fa<code>-1i</code>)</p>"
    },
    "test_case_score": [
        {
            "score": 20,
            "input_name": "1.in",
            "output_name": "1.out"
        },
        {
            "score": 20,
            "input_name": "2.in",
            "output_name": "2.out"
        },
        {
            "score": 20,
            "input_name": "3.in",
            "output_name": "3.out"
        },
        {
            "score": 20,
            "input_name": "4.in",
            "output_name": "4.out"
        },
        {
            "score": 20,
            "input_name": "5.in",
            "output_name": "5.out"
        }
    ],
    "hint": {
        "format": "html",
        "value": ""
    },
    "time_limit": 1000,
    "memory_limit": 256,
    "samples": [
        {
            "input": "5 5 1\n5 5 1",
            "output": "1.2766\n996.667i\n5-0.2i\n2.5+2.5i"
        },
        {
            "input": "0 1 1\n0 1 1",
            "output": "1.2766\n996.667i\n-1i\n0"
        },
        {
            "input": "1.5 3e-06 10000\n1.5 1 10000",
            "output": "1.2766\n996.667i\n1.5-33.3333i\n1.5+0.000225i"
        },
        {
            "input": "9000 1e-08 1e+06\n9000 1e-06 1e+06",
            "output": "1.2766\n996.667i\n9000-100i\n0.000111111+1i"
        },
        {
            "input": "666 1e-07 1000\n666 0.001 1000",
            "output": "1.2766\n996.667i\n666-10000i\n0.0015015+0.999998i"
        }
    ],
    "template": {
        "C++": {
            "prepend": "#include <iostream>\n\nusing namespace std;\n\nclass Complex{\nprotected:\n    double re;\n    double im;\npublic:\n    Complex():re(0), im(0){}\n    Complex(double a,double b):re(a), im(b){}\n    Complex operator+(const Complex&);\n    Complex operator||(const Complex&);\n    friend istream& operator>>(istream &input,Complex &c);\n    friend ostream& operator<<(ostream &output,Complex &c);\n};\n\n\nclass Resistor: public Complex{\npublic:\n    Resistor(){ re = 0; im = 0; }\n    Resistor(double r){ re = r; im = 0; }\n    friend istream& operator>>(istream &,Resistor &);\n};\nclass Capacitor: public Complex{\nprivate:\n    double C;\n    double w;\npublic:\n    Capacitor():C(0), w(0){}\n    Capacitor(double Cin, double win):C(Cin), w(win){ Compute(); }\n    void Compute();\n    friend istream& operator>>(istream &,Capacitor &);\n};\n\n\nclass Inductor: public Complex{\nprivate:\n    double L;\n    double w;\npublic:\n    Inductor():L(0), w(0){}\n    Inductor(double Lin,double win):L(Lin), w(win){ Compute(); }\n    void Compute();\n    friend istream& operator>>(istream &,Inductor &);\n};\n\n\n",
            "template": "\n",
            "append": "int main(){\n    Complex Zeq, Zeq2, Zeq3, Zeq4;\n    Resistor r1(3), r2(4), r3(5), r4, r5;\n    Capacitor zC(0.00003,10000), zC2;\n    Inductor zL(0.1,10000), zL2;\n    Zeq = (r1||r2||r3);\n    Zeq2 = (zC+zL);\n    cout << Zeq << Zeq2;\n\n    cin >> r4 >> zC2;\n    Zeq3 = r4 + zC2;\n    cout << Zeq3;\n\n    cin >> r5 >> zL2;\n    Zeq4 = r5 || zL2;\n    cout << Zeq4;\n    return 0;\n}\n"
        }
    },
    "spj": null,
    "rule_type": "OI",
    "source": "Online Judge http://127.0.0.1",
    "answers": []
}